id,name,surname,email,username,countryid,wallet
1,Cindi,Pinxton,cpinxton0@bigcartel.com,cpinxton0,5,71.47
2,Alexi,Harlowe,aharlowe1@springer.com,aharlowe1,3,129.7
3,Nannie,Crabtree,ncrabtree2@oaic.gov.au,ncrabtree2,1,28.85
4,Filmore,Vennard,fvennard3@privacy.gov.au,fvennard3,9,128.55
5,Morie,Rabbage,mrabbage4@ustream.tv,mrabbage4,3,159.12
6,Merry,Knightsbridge,mknightsbridge5@flickr.com,mknightsbridge5,6,108.63
7,Debbie,Pierucci,dpierucci6@weebly.com,dpierucci6,2,2.47
8,Eddie,Edmett,eedmett7@blogspot.com,eedmett7,5,128.48
9,Rooney,O'Keevan,rokeevan8@state.gov,rokeevan8,5,37.35
10,Lucilia,Rigeby,lrigeby9@reverbnation.com,lrigeby9,10,22.51
11,Niel,Knibb,nknibba@tmall.com,nknibba,7,89.16
12,Gwenora,O'Lunney,golunneyb@ihg.com,golunneyb,2,48.87
13,Waly,Bootherstone,wbootherstonec@walmart.com,wbootherstonec,9,75.48
14,Giusto,Shillabeare,gshillabeared@1und1.de,gshillabeared,1,115.34
15,Cherry,Lannin,clannine@hubpages.com,clannine,9,128.19
16,Bartholomew,Aubrun,baubrunf@simplemachines.org,baubrunf,10,172.95
17,Dollie,O'Hdirscoll,dohdirscollg@youtu.be,dohdirscollg,10,123.56
18,Park,Barensen,pbarensenh@ft.com,pbarensenh,3,114.71
19,Nisse,Fryer,nfryeri@princeton.edu,nfryeri,9,79.78
20,Drucie,Renfree,drenfreej@cpanel.net,drenfreej,7,49.65
21,Eddie,Hovel,ehovelk@blog.com,ehovelk,3,186.15
22,Cori,Haldane,chaldanel@marriott.com,chaldanel,6,144.39
23,Anthiathia,Furmenger,afurmengerm@hp.com,afurmengerm,7,133.01
24,Delilah,Lisamore,dlisamoren@chronoengine.com,dlisamoren,5,183.8
25,Dieter,Vasiltsov,dvasiltsovo@sfgate.com,dvasiltsovo,10,129.54
26,Raina,Ripsher,rripsherp@timesonline.co.uk,rripsherp,6,133.41
27,Andre,Uzzell,auzzellq@alibaba.com,auzzellq,9,38.57
28,Alwyn,Fisbey,afisbeyr@dyndns.org,afisbeyr,5,118.86
29,Morly,Parkman,mparkmans@dailymotion.com,mparkmans,9,74.45
30,Haleigh,Champ,hchampt@google.co.jp,hchampt,9,134.74
31,Adriane,Derby,aderbyu@earthlink.net,aderbyu,3,14.81
32,Reuben,Jochen,rjochenv@intel.com,rjochenv,6,19.68
33,Bernette,Challace,bchallacew@blogspot.com,bchallacew,8,21.86
34,Matthias,Pudney,mpudneyx@wunderground.com,mpudneyx,5,144.85
35,Laney,O'Hagirtie,lohagirtiey@umn.edu,lohagirtiey,4,67.26
36,Niall,Hellard,nhellardz@opensource.org,nhellardz,9,120.28
37,Byrann,Mindenhall,bmindenhall10@businesswire.com,bmindenhall10,7,192.26
38,Robby,Abate,rabate11@rambler.ru,rabate11,4,116.55
39,Rolando,Durante,rdurante12@sphinn.com,rdurante12,1,38.68
40,Jessi,Fratczak,jfratczak13@bizjournals.com,jfratczak13,9,180.91
41,Waverley,Stanyforth,wstanyforth14@army.mil,wstanyforth14,7,55.58
42,Arvin,Pecey,apecey15@kickstarter.com,apecey15,5,68.9
43,Bert,Obell,bobell16@cbsnews.com,bobell16,8,71.73
44,Ciro,Aurelius,caurelius17@barnesandnoble.com,caurelius17,6,161.7
45,Bee,Packwood,bpackwood18@amazonaws.com,bpackwood18,3,57.29
46,Carmina,Selley,cselley19@eepurl.com,cselley19,6,3.95
47,Frances,Launchbury,flaunchbury1a@wired.com,flaunchbury1a,10,148.36
48,Heywood,Doxey,hdoxey1b@nytimes.com,hdoxey1b,7,81.42
49,Aylmar,Ransome,aransome1c@virginia.edu,aransome1c,8,123.78
50,Isahella,Timberlake,itimberlake1d@plala.or.jp,itimberlake1d,2,3.12
51,Rowena,Fright,rfright1e@sciencedaily.com,rfright1e,2,91.08
52,Piper,Horburgh,phorburgh1f@hubpages.com,phorburgh1f,10,90.57
53,Evan,Pitrollo,epitrollo1g@webs.com,epitrollo1g,9,152.51
54,Alika,Navan,anavan1h@goo.gl,anavan1h,4,110.93
55,Troy,Gedney,tgedney1i@toplist.cz,tgedney1i,1,182.15
56,Mortie,Sturdy,msturdy1j@home.pl,msturdy1j,7,150.2
57,Dodie,MacDonough,dmacdonough1k@mit.edu,dmacdonough1k,3,111.46
58,Jehanna,Andryushchenko,jandryushchenko1l@nps.gov,jandryushchenko1l,4,85.04
59,Marven,Tupie,mtupie1m@scientificamerican.com,mtupie1m,5,63.65
60,Sax,Sinkins,ssinkins1n@cbslocal.com,ssinkins1n,2,107.46
61,Cissy,Idill,cidill1o@sphinn.com,cidill1o,4,196.08
62,Kareem,Kopf,kkopf1p@hubpages.com,kkopf1p,4,21.19
63,Allister,Cockcroft,acockcroft1q@bandcamp.com,acockcroft1q,3,17.06
64,Roxanne,Marian,rmarian1r@t-online.de,rmarian1r,5,104.76
65,Johnna,Heyns,jheyns1s@jiathis.com,jheyns1s,9,89.86
66,Ileana,Shilstone,ishilstone1t@house.gov,ishilstone1t,8,51.6
67,Darlene,Morbey,dmorbey1u@youku.com,dmorbey1u,7,183.71
68,Gerianne,Archambault,garchambault1v@nasa.gov,garchambault1v,1,19.3
69,Erasmus,Benfell,ebenfell1w@simplemachines.org,ebenfell1w,3,59.42
70,Vera,Battill,vbattill1x@time.com,vbattill1x,1,188.66
71,Edna,Newson,enewson1y@mapquest.com,enewson1y,10,62.15
72,Sheryl,Leemans,sleemans1z@shareasale.com,sleemans1z,7,169.45
73,Chrissy,Wiz,cwiz20@blogspot.com,cwiz20,7,22.09
74,Sharia,Manuello,smanuello21@dailymotion.com,smanuello21,9,79.67
75,Aridatha,Margarson,amargarson22@dailymotion.com,amargarson22,8,4.0
76,Ignazio,Greveson,igreveson23@ask.com,igreveson23,9,60.9
77,Marisa,Mylechreest,mmylechreest24@de.vu,mmylechreest24,1,146.39
78,Crin,Crossthwaite,ccrossthwaite25@wired.com,ccrossthwaite25,5,105.72
79,Erroll,Danilovich,edanilovich26@craigslist.org,edanilovich26,2,166.17
80,Shepard,Parratt,sparratt27@cargocollective.com,sparratt27,10,112.17
81,Juliette,Heap,jheap28@example.com,jheap28,9,71.21
82,Tommi,Dunks,tdunks29@hc360.com,tdunks29,4,177.84
83,Ketti,Francesco,kfrancesco2a@meetup.com,kfrancesco2a,8,122.29
84,Frederick,Probets,fprobets2b@auda.org.au,fprobets2b,9,198.59
85,Jacinthe,Fells,jfells2c@umn.edu,jfells2c,4,149.13
86,Roxine,Eagers,reagers2d@slideshare.net,reagers2d,9,184.89
87,Brett,Turmall,bturmall2e@hatena.ne.jp,bturmall2e,4,139.62
88,Russ,Roffe,rroffe2f@redcross.org,rroffe2f,2,67.5
89,Truda,Everwin,teverwin2g@sphinn.com,teverwin2g,5,133.84
90,Rosalind,Laurenz,rlaurenz2h@icio.us,rlaurenz2h,1,97.11
91,Donnajean,Heater,dheater2i@noaa.gov,dheater2i,3,60.59
92,Rosy,Klagges,rklagges2j@illinois.edu,rklagges2j,4,166.16
93,Carissa,Bess,cbess2k@storify.com,cbess2k,1,60.16
94,Dorey,Cumber,dcumber2l@youtube.com,dcumber2l,6,158.88
95,Duffie,Pattillo,dpattillo2m@youku.com,dpattillo2m,8,66.87
96,Farrel,Gath,fgath2n@nps.gov,fgath2n,3,119.58
97,Briney,Ewin,bewin2o@posterous.com,bewin2o,9,57.75
98,Sapphira,McCorkell,smccorkell2p@craigslist.org,smccorkell2p,2,118.05
99,Giacopo,Wheeliker,gwheeliker2q@utexas.edu,gwheeliker2q,8,172.62
100,Germayne,Duhig,gduhig2r@altervista.org,gduhig2r,1,155.53
101,Rorie,Barzen,rbarzen2s@photobucket.com,rbarzen2s,10,172.32
102,Melina,Greve,mgreve2t@github.com,mgreve2t,9,81.1
103,Kellie,Martynka,kmartynka2u@netlog.com,kmartynka2u,8,199.92
104,Elwood,Caplis,ecaplis2v@ning.com,ecaplis2v,1,138.84
105,Kory,Chessel,kchessel2w@apache.org,kchessel2w,7,78.88
106,Lyndsey,Clementson,lclementson2x@wikia.com,lclementson2x,3,109.87
107,Jade,Chomicki,jchomicki2y@japanpost.jp,jchomicki2y,9,125.43
108,Cyrillus,Waddingham,cwaddingham2z@clickbank.net,cwaddingham2z,2,17.97
109,Aluino,Strang,astrang30@youku.com,astrang30,3,29.58
110,Lillian,Manifield,lmanifield31@google.pl,lmanifield31,3,119.79
111,Bevan,Boulds,bboulds32@unc.edu,bboulds32,6,184.08
112,Carmel,Gasquoine,cgasquoine33@oakley.com,cgasquoine33,3,88.02
113,Wang,Owbridge,wowbridge34@ovh.net,wowbridge34,3,45.77
114,Elysha,Verey,everey35@over-blog.com,everey35,10,58.15
115,Eleen,Oby,eoby36@xinhuanet.com,eoby36,3,68.07
116,Gabriellia,Peacocke,gpeacocke37@360.cn,gpeacocke37,10,24.76
117,Bernardine,Crotty,bcrotty38@hibu.com,bcrotty38,3,143.18
118,Meriel,Hubbard,mhubbard39@ed.gov,mhubbard39,3,88.21
119,Valerie,Corradeschi,vcorradeschi3a@census.gov,vcorradeschi3a,6,175.57
120,Tallou,Call,tcall3b@archive.org,tcall3b,10,165.03
121,Phillis,Bickford,pbickford3c@columbia.edu,pbickford3c,3,34.61
122,Evita,Tallman,etallman3d@merriam-webster.com,etallman3d,3,149.48
123,Siward,Anstis,sanstis3e@tinypic.com,sanstis3e,2,65.19
124,Genia,Greendale,ggreendale3f@meetup.com,ggreendale3f,5,105.17
125,Kristen,Jumont,kjumont3g@behance.net,kjumont3g,6,80.1
126,Kimbell,Dionis,kdionis3h@ustream.tv,kdionis3h,5,112.02
127,Carmella,Uvedale,cuvedale3i@delicious.com,cuvedale3i,9,42.94
128,Dottie,Applebee,dapplebee3j@wired.com,dapplebee3j,1,27.51
129,Alis,De Fries,adefries3k@msn.com,adefries3k,1,63.37
130,Cilka,Culter,cculter3l@istockphoto.com,cculter3l,6,129.92
131,Ely,Libero,elibero3m@is.gd,elibero3m,6,90.76
132,Shanta,Leynagh,sleynagh3n@aboutads.info,sleynagh3n,1,74.03
133,Dun,Waycott,dwaycott3o@vimeo.com,dwaycott3o,7,147.08
134,Drud,Whittuck,dwhittuck3p@google.co.uk,dwhittuck3p,3,139.93
135,Cherlyn,Cisson,ccisson3q@clickbank.net,ccisson3q,7,122.25
136,Dene,Deignan,ddeignan3r@soundcloud.com,ddeignan3r,2,68.75
137,Janey,Matiebe,jmatiebe3s@pinterest.com,jmatiebe3s,10,77.63
138,Zuzana,Redford,zredford3t@cpanel.net,zredford3t,1,138.21
139,Reyna,Meneer,rmeneer3u@rakuten.co.jp,rmeneer3u,5,109.41
140,Alix,McPhillips,amcphillips3v@nydailynews.com,amcphillips3v,4,43.68
141,Allison,Weal,aweal3w@unesco.org,aweal3w,9,23.11
142,Cullan,Mc Trusty,cmctrusty3x@slideshare.net,cmctrusty3x,1,116.62
143,Sarajane,Clac,sclac3y@umn.edu,sclac3y,8,101.41
144,Brice,Yard,byard3z@dropbox.com,byard3z,2,99.08
145,Kristyn,Bankes,kbankes40@jimdo.com,kbankes40,1,194.21
146,Brit,Waison,bwaison41@bigcartel.com,bwaison41,9,81.49
147,Percy,Tant,ptant42@tumblr.com,ptant42,1,16.63
148,Clo,Kobpa,ckobpa43@123-reg.co.uk,ckobpa43,3,114.02
149,Beaufort,Elnaugh,belnaugh44@walmart.com,belnaugh44,6,117.21
150,Robinette,Turrell,rturrell45@eventbrite.com,rturrell45,3,58.51
151,Jorge,Luna,jluna46@opensource.org,jluna46,10,31.42
152,Colman,Babbage,cbabbage47@squarespace.com,cbabbage47,5,38.43
153,Melony,Levensky,mlevensky48@boston.com,mlevensky48,3,121.76
154,Tarra,Akeherst,takeherst49@illinois.edu,takeherst49,1,26.3
155,Evie,Sandham,esandham4a@xrea.com,esandham4a,6,64.31
156,Constancy,Pellman,cpellman4b@amazon.de,cpellman4b,7,186.13
157,Arlan,Reinbech,areinbech4c@istockphoto.com,areinbech4c,10,58.29
158,Myra,Delafont,mdelafont4d@jugem.jp,mdelafont4d,4,56.91
159,Wendi,Vasenkov,wvasenkov4e@yellowbook.com,wvasenkov4e,7,155.14
160,Goldi,Maypother,gmaypother4f@hp.com,gmaypother4f,3,0.99
161,Joey,Blurton,jblurton4g@parallels.com,jblurton4g,2,53.65
162,Augustus,Liver,aliver4h@sfgate.com,aliver4h,8,24.42
163,Genovera,Brabon,gbrabon4i@webmd.com,gbrabon4i,8,95.16
164,Flossy,Gerbel,fgerbel4j@reddit.com,fgerbel4j,9,199.8
165,Ysabel,Christoffels,ychristoffels4k@slashdot.org,ychristoffels4k,9,182.94
166,Nevins,Lowrie,nlowrie4l@telegraph.co.uk,nlowrie4l,6,196.98
167,Berny,Wootton,bwootton4m@photobucket.com,bwootton4m,3,171.47
168,Irving,Elington,ielington4n@wikimedia.org,ielington4n,4,40.13
169,Denise,Blay,dblay4o@taobao.com,dblay4o,2,130.36
170,Eydie,Rubanenko,erubanenko4p@dell.com,erubanenko4p,6,129.63
171,Jeno,Caven,jcaven4q@meetup.com,jcaven4q,6,125.9
172,Marylou,Figger,mfigger4r@sfgate.com,mfigger4r,8,187.86
173,Rollin,Bleby,rbleby4s@nhs.uk,rbleby4s,8,30.56
174,Abraham,Bowman,abowman4t@youtube.com,abowman4t,5,158.94
175,Sonnnie,Westgate,swestgate4u@dropbox.com,swestgate4u,9,80.99
176,Nelson,Bearfoot,nbearfoot4v@symantec.com,nbearfoot4v,3,4.78
177,Hastie,Juniper,hjuniper4w@deliciousdays.com,hjuniper4w,1,90.4
178,Cristina,Garrett,cgarrett4x@hibu.com,cgarrett4x,10,91.55
179,Adi,Vlahos,avlahos4y@is.gd,avlahos4y,7,8.99
180,Sergent,Edwards,sedwards4z@comcast.net,sedwards4z,2,123.12
181,Barbabra,Samsonsen,bsamsonsen50@un.org,bsamsonsen50,10,97.81
182,Pansie,Powland,ppowland51@bbb.org,ppowland51,7,81.99
183,Arlyne,Baversor,abaversor52@livejournal.com,abaversor52,5,150.96
184,Miriam,Turnpenny,mturnpenny53@webs.com,mturnpenny53,6,184.72
185,Leigh,Forcer,lforcer54@cisco.com,lforcer54,10,74.44
186,Ardath,Kaman,akaman55@ifeng.com,akaman55,4,126.64
187,Lesley,Wickens,lwickens56@soup.io,lwickens56,5,47.05
188,Jillene,Hollyard,jhollyard57@ameblo.jp,jhollyard57,9,56.0
189,Kelley,Guitel,kguitel58@spotify.com,kguitel58,1,101.17
190,Cristina,Roof,croof59@google.pl,croof59,6,25.98
191,Gracie,Guswell,gguswell5a@usnews.com,gguswell5a,4,18.22
192,Denny,Widmore,dwidmore5b@wiley.com,dwidmore5b,5,109.54
193,Carmela,Ruggles,cruggles5c@4shared.com,cruggles5c,7,186.69
194,Micheil,Start,mstart5d@xrea.com,mstart5d,10,10.3
195,Virgil,Cavy,vcavy5e@miibeian.gov.cn,vcavy5e,4,53.77
196,Stafani,Sambells,ssambells5f@intel.com,ssambells5f,2,36.03
197,Hilarius,Ashfield,hashfield5g@shareasale.com,hashfield5g,9,90.26
198,Esmaria,Lowres,elowres5h@dmoz.org,elowres5h,10,111.66
199,Valaree,Rands,vrands5i@ocn.ne.jp,vrands5i,4,131.93
200,Claudian,Backsal,cbacksal5j@yellowpages.com,cbacksal5j,1,145.39
201,Alyson,Thorrington,athorrington5k@ebay.com,athorrington5k,4,129.74
202,Oliy,Atmore,oatmore5l@spiegel.de,oatmore5l,9,7.25
203,Ileana,Bowden,ibowden5m@xinhuanet.com,ibowden5m,3,189.56
204,Claudelle,Toth,ctoth5n@trellian.com,ctoth5n,5,88.89
205,Carrissa,Ingerson,cingerson5o@google.it,cingerson5o,5,45.27
206,Orran,Tennet,otennet5p@4shared.com,otennet5p,7,183.46
207,Camey,Yakovich,cyakovich5q@buzzfeed.com,cyakovich5q,3,121.54
208,Elmore,Blencoe,eblencoe5r@tumblr.com,eblencoe5r,3,84.01
209,Georgette,Hurtic,ghurtic5s@google.nl,ghurtic5s,2,153.97
210,Binny,Overall,boverall5t@newsvine.com,boverall5t,10,192.65
211,Talbot,Levine,tlevine5u@army.mil,tlevine5u,7,83.8
212,Jackie,Boughey,jboughey5v@mtv.com,jboughey5v,4,88.37
213,Orly,Chomicki,ochomicki5w@ifeng.com,ochomicki5w,5,182.93
214,Karel,Nowland,knowland5x@sciencedirect.com,knowland5x,2,67.3
215,Bayard,Frackiewicz,bfrackiewicz5y@reuters.com,bfrackiewicz5y,10,18.24
216,Artemus,Roo,aroo5z@pen.io,aroo5z,2,73.94
217,Fayre,Bartozzi,fbartozzi60@rediff.com,fbartozzi60,2,148.69
218,Charis,Tybalt,ctybalt61@illinois.edu,ctybalt61,1,97.59
219,Violette,Newling,vnewling62@washington.edu,vnewling62,10,198.17
220,Roddie,Armer,rarmer63@prweb.com,rarmer63,2,39.75
221,Faustine,Trowsdale,ftrowsdale64@studiopress.com,ftrowsdale64,2,154.2
222,Carmita,Smallthwaite,csmallthwaite65@skyrock.com,csmallthwaite65,1,192.56
223,Lin,Counsell,lcounsell66@ning.com,lcounsell66,10,107.76
224,Babara,Fildes,bfildes67@dailymotion.com,bfildes67,4,100.15
225,Dorree,Tivenan,dtivenan68@google.pl,dtivenan68,4,76.82
226,Barth,Stickens,bstickens69@moonfruit.com,bstickens69,4,134.85
227,Jaclyn,Tudor,jtudor6a@paypal.com,jtudor6a,3,16.49
228,Caldwell,Chaplin,cchaplin6b@hostgator.com,cchaplin6b,3,192.18
229,Vida,Heeron,vheeron6c@nymag.com,vheeron6c,8,169.29
230,Corilla,Brewitt,cbrewitt6d@pagesperso-orange.fr,cbrewitt6d,2,181.34
231,Price,Fawlo,pfawlo6e@wix.com,pfawlo6e,1,124.61
232,Shirline,Stollsteiner,sstollsteiner6f@phoca.cz,sstollsteiner6f,4,144.28
233,Marga,Roughsedge,mroughsedge6g@ucoz.com,mroughsedge6g,1,103.75
234,Russ,Cromb,rcromb6h@parallels.com,rcromb6h,6,125.26
235,Niel,Romme,nromme6i@economist.com,nromme6i,9,108.68
236,Robinia,Carless,rcarless6j@cornell.edu,rcarless6j,5,5.92
237,Faustine,Riddett,friddett6k@tinypic.com,friddett6k,2,38.31
238,Ryun,Cockland,rcockland6l@usnews.com,rcockland6l,2,72.15
239,Clarice,Mossop,cmossop6m@posterous.com,cmossop6m,4,122.59
240,Shayna,Humbles,shumbles6n@rambler.ru,shumbles6n,5,6.0
241,Em,Gilphillan,egilphillan6o@businesswire.com,egilphillan6o,6,22.73
242,Bryon,Doodney,bdoodney6p@japanpost.jp,bdoodney6p,7,93.95
243,Mellicent,Paquet,mpaquet6q@taobao.com,mpaquet6q,3,70.76
244,Dacy,Hustings,dhustings6r@netvibes.com,dhustings6r,8,71.89
245,Blinnie,Tretwell,btretwell6s@barnesandnoble.com,btretwell6s,6,25.53
246,Hillery,Dimbylow,hdimbylow6t@ihg.com,hdimbylow6t,7,130.41
247,Constancy,Jacobson,cjacobson6u@marketwatch.com,cjacobson6u,3,166.1
248,Meta,Keme,mkeme6v@pcworld.com,mkeme6v,10,188.89
249,Eugenia,Gostick,egostick6w@jalbum.net,egostick6w,10,192.79
250,Eddi,Gallyon,egallyon6x@simplemachines.org,egallyon6x,5,30.82
251,Maddalena,Petruk,mpetruk6y@princeton.edu,mpetruk6y,9,9.31
252,Marta,Cavil,mcavil6z@buzzfeed.com,mcavil6z,6,120.25
253,Fancie,Merrgan,fmerrgan70@devhub.com,fmerrgan70,8,179.89
254,Margaretha,Ambrogetti,mambrogetti71@harvard.edu,mambrogetti71,7,14.45
255,Rani,Ceney,rceney72@spiegel.de,rceney72,6,132.09
256,Katinka,Joubert,kjoubert73@a8.net,kjoubert73,8,38.95
257,Travers,Blaik,tblaik74@mashable.com,tblaik74,2,192.95
258,Nikki,McClymont,nmcclymont75@is.gd,nmcclymont75,1,8.44
259,Elizabeth,Lyall,elyall76@hp.com,elyall76,1,3.36
260,Ester,Trenfield,etrenfield77@is.gd,etrenfield77,2,47.61
261,Pace,Philipart,pphilipart78@gravatar.com,pphilipart78,5,173.73
262,Ilsa,Balmer,ibalmer79@umich.edu,ibalmer79,3,195.1
263,Tarah,Robinet,trobinet7a@elegantthemes.com,trobinet7a,1,181.83
264,Clint,Spalton,cspalton7b@biglobe.ne.jp,cspalton7b,3,71.49
265,Adolpho,Chatband,achatband7c@rakuten.co.jp,achatband7c,2,159.51
266,Vladimir,Uvedale,vuvedale7d@dailymotion.com,vuvedale7d,5,127.37
267,Petronia,Bartel,pbartel7e@blogger.com,pbartel7e,1,187.62
268,Lia,Jaine,ljaine7f@oaic.gov.au,ljaine7f,10,4.94
269,Alexina,Penna,apenna7g@nifty.com,apenna7g,6,0.16
270,Corina,Cromett,ccromett7h@spotify.com,ccromett7h,2,95.24
271,Costa,Tollerton,ctollerton7i@360.cn,ctollerton7i,5,107.1
272,Cymbre,Jaggi,cjaggi7j@hostgator.com,cjaggi7j,4,46.36
273,Amandie,Tunnah,atunnah7k@aol.com,atunnah7k,1,27.49
274,Jodi,Dagon,jdagon7l@webmd.com,jdagon7l,9,142.27
275,Dolph,McCardle,dmccardle7m@yellowbook.com,dmccardle7m,10,19.23
276,Ellissa,Elnough,eelnough7n@usa.gov,eelnough7n,5,24.02
277,Dominik,Downey,ddowney7o@nsw.gov.au,ddowney7o,3,126.72
278,Eberhard,Knowler,eknowler7p@ning.com,eknowler7p,5,118.62
279,Jase,Tissell,jtissell7q@nifty.com,jtissell7q,3,193.67
280,Rafe,MacConnechie,rmacconnechie7r@princeton.edu,rmacconnechie7r,5,196.97
281,Vail,Gottelier,vgottelier7s@i2i.jp,vgottelier7s,7,189.09
282,Carolee,Duffy,cduffy7t@usa.gov,cduffy7t,1,190.64
283,Ronica,Yoselevitch,ryoselevitch7u@yolasite.com,ryoselevitch7u,8,75.46
284,Rupert,Kiellor,rkiellor7v@smh.com.au,rkiellor7v,10,194.19
285,Paula,Gartell,pgartell7w@telegraph.co.uk,pgartell7w,8,72.28
286,Emilee,Lade,elade7x@ucla.edu,elade7x,6,7.55
287,Munroe,Sima,msima7y@deviantart.com,msima7y,1,158.09
288,Royall,Lantaff,rlantaff7z@miibeian.gov.cn,rlantaff7z,6,46.92
289,Wilie,Reilinger,wreilinger80@redcross.org,wreilinger80,8,199.15
290,Rhys,Wetwood,rwetwood81@rambler.ru,rwetwood81,4,35.36
291,Wynne,Newlin,wnewlin82@ox.ac.uk,wnewlin82,6,16.74
292,Montague,Hein,mhein83@sakura.ne.jp,mhein83,3,48.97
293,Tamra,Edyson,tedyson84@google.com.au,tedyson84,4,95.29
294,Oralla,Keunemann,okeunemann85@photobucket.com,okeunemann85,9,184.61
295,Ciel,Claughton,cclaughton86@cdc.gov,cclaughton86,7,26.66
296,Ky,Goodband,kgoodband87@ucoz.com,kgoodband87,2,167.77
297,Vasily,Le Marchand,vlemarchand88@deliciousdays.com,vlemarchand88,6,27.26
298,Madlen,Lamplough,mlamplough89@usa.gov,mlamplough89,2,137.86
299,Maury,Brise,mbrise8a@wufoo.com,mbrise8a,2,149.7
300,Veronica,Schimann,vschimann8b@economist.com,vschimann8b,3,24.52
301,Erek,Garretts,egarretts8c@github.com,egarretts8c,6,49.49
302,Nalani,Housin,nhousin8d@wiley.com,nhousin8d,9,21.74
303,Moreen,Redmire,mredmire8e@aol.com,mredmire8e,1,113.63
304,Callean,Houseley,chouseley8f@mashable.com,chouseley8f,6,111.36
305,Demott,Ungerer,dungerer8g@tamu.edu,dungerer8g,5,180.7
306,Carma,Ramsier,cramsier8h@mashable.com,cramsier8h,9,149.79
307,Burg,Rackstraw,brackstraw8i@slashdot.org,brackstraw8i,10,96.22
308,Edy,Melin,emelin8j@friendfeed.com,emelin8j,8,23.91
309,Sybilla,Ackred,sackred8k@flickr.com,sackred8k,4,9.61
310,Damita,Greaterex,dgreaterex8l@salon.com,dgreaterex8l,2,85.16
311,Mariana,Napper,mnapper8m@acquirethisname.com,mnapper8m,6,163.59
312,Georgina,Wolford,gwolford8n@facebook.com,gwolford8n,10,32.34
313,Caesar,Clementucci,cclementucci8o@flavors.me,cclementucci8o,2,123.17
314,Wendeline,Wernham,wwernham8p@photobucket.com,wwernham8p,2,99.85
315,Angelika,Snar,asnar8q@princeton.edu,asnar8q,7,181.05
316,Erskine,Lamke,elamke8r@github.io,elamke8r,5,190.92
317,Pamella,Beidebeke,pbeidebeke8s@com.com,pbeidebeke8s,10,87.04
318,Dru,Spelsbury,dspelsbury8t@cdc.gov,dspelsbury8t,5,86.37
319,Parker,Serot,pserot8u@instagram.com,pserot8u,2,107.87
320,Clark,Oxbie,coxbie8v@yahoo.co.jp,coxbie8v,2,38.39
321,Spenser,Ralph,sralph8w@over-blog.com,sralph8w,9,6.48
322,Lucho,Einchcombe,leinchcombe8x@discuz.net,leinchcombe8x,6,153.32
323,Audrie,Fraine,afraine8y@unicef.org,afraine8y,4,165.73
324,Lesya,Dysert,ldysert8z@reverbnation.com,ldysert8z,3,0.76
325,Abbott,Dreigher,adreigher90@umn.edu,adreigher90,4,120.37
326,Rodolfo,Archer,rarcher91@homestead.com,rarcher91,5,143.78
327,Oneida,Thomke,othomke92@dailymotion.com,othomke92,6,100.64
328,Shellysheldon,Kilmister,skilmister93@loc.gov,skilmister93,6,176.19
329,Marylinda,Sawnwy,msawnwy94@biblegateway.com,msawnwy94,8,65.0
330,Niall,Dockerty,ndockerty95@walmart.com,ndockerty95,5,48.34
331,Kristofor,Elman,kelman96@homestead.com,kelman96,4,163.19
332,Gabi,Strass,gstrass97@ibm.com,gstrass97,5,132.06
333,Franzen,Featenby,ffeatenby98@tumblr.com,ffeatenby98,4,122.44
334,Amara,Froggatt,afroggatt99@google.nl,afroggatt99,5,7.89
335,Phyllis,Coyte,pcoyte9a@marketwatch.com,pcoyte9a,10,116.22
336,Marisa,Downage,mdownage9b@simplemachines.org,mdownage9b,3,79.78
337,Lyndsey,Garrique,lgarrique9c@360.cn,lgarrique9c,4,14.22
338,Thaine,Portress,tportress9d@cornell.edu,tportress9d,8,111.37
339,Lisle,Kepling,lkepling9e@google.co.jp,lkepling9e,5,27.92
340,Lynde,Assad,lassad9f@senate.gov,lassad9f,2,144.64
341,Smitty,Ison,sison9g@squarespace.com,sison9g,10,199.06
342,Birk,Rubery,brubery9h@prlog.org,brubery9h,2,154.64
343,Nadine,Cawthorne,ncawthorne9i@skype.com,ncawthorne9i,5,40.72
344,Laural,Gaynsford,lgaynsford9j@disqus.com,lgaynsford9j,3,174.51
345,Paxton,Toll,ptoll9k@linkedin.com,ptoll9k,8,16.16
346,Kimbell,Sharrock,ksharrock9l@flavors.me,ksharrock9l,1,130.25
347,Frans,Dislee,fdislee9m@tumblr.com,fdislee9m,6,79.43
348,Nickie,Symms,nsymms9n@nifty.com,nsymms9n,6,69.11
349,Ardelis,Kaszper,akaszper9o@facebook.com,akaszper9o,9,65.28
350,Hoyt,Badrick,hbadrick9p@pinterest.com,hbadrick9p,6,72.56
351,Nappy,Alchin,nalchin9q@bbc.co.uk,nalchin9q,7,129.03
352,Karyl,Mee,kmee9r@usgs.gov,kmee9r,7,189.9
353,Sheilakathryn,Rolls,srolls9s@cam.ac.uk,srolls9s,4,66.94
354,Julie,Trenaman,jtrenaman9t@bbc.co.uk,jtrenaman9t,3,3.43
355,Zaneta,Tilly,ztilly9u@dell.com,ztilly9u,9,103.54
356,Elka,O'Gavin,eogavin9v@seattletimes.com,eogavin9v,7,94.43
357,Georgia,D'eath,gdeath9w@spotify.com,gdeath9w,1,192.91
358,Arch,Collacombe,acollacombe9x@google.co.jp,acollacombe9x,4,138.89
359,Mariejeanne,Irwin,mirwin9y@example.com,mirwin9y,9,71.56
360,Tanya,Breewood,tbreewood9z@netvibes.com,tbreewood9z,9,126.34
361,Emanuel,Westrey,ewestreya0@forbes.com,ewestreya0,8,141.58
362,Yelena,Nobles,ynoblesa1@ft.com,ynoblesa1,5,115.33
363,Janine,Corten,jcortena2@cisco.com,jcortena2,4,175.01
364,Englebert,Milverton,emilvertona3@disqus.com,emilvertona3,1,10.78
365,Ronica,Stoad,rstoada4@nih.gov,rstoada4,9,19.21
366,Ciro,Raikes,craikesa5@ask.com,craikesa5,5,152.84
367,Phyllida,Pardie,ppardiea6@canalblog.com,ppardiea6,10,114.9
368,Devin,Tourmell,dtourmella7@ft.com,dtourmella7,9,19.57
369,Hana,Dunbobin,hdunbobina8@apache.org,hdunbobina8,5,142.09
370,Roderic,Copplestone,rcopplestonea9@moonfruit.com,rcopplestonea9,5,112.03
371,Arlan,Karpf,akarpfaa@prlog.org,akarpfaa,7,181.91
372,Blisse,Dorrins,bdorrinsab@usda.gov,bdorrinsab,3,105.51
373,Kalle,Liffey,kliffeyac@scribd.com,kliffeyac,5,32.41
374,Sindee,Witt,swittad@gov.uk,swittad,9,40.23
375,Pincus,Tomaskunas,ptomaskunasae@usa.gov,ptomaskunasae,4,55.4
376,Wynne,Bowra,wbowraaf@nymag.com,wbowraaf,2,121.08
377,Sherri,Sedge,ssedgeag@blogtalkradio.com,ssedgeag,5,59.23
378,Kayne,Raynton,krayntonah@microsoft.com,krayntonah,10,171.55
379,Oliy,Sigge,osiggeai@friendfeed.com,osiggeai,4,111.93
380,Edee,Pharaoh,epharaohaj@narod.ru,epharaohaj,6,66.1
381,Collette,Whisson,cwhissonak@tiny.cc,cwhissonak,9,1.4
382,Angelique,Borth,aborthal@privacy.gov.au,aborthal,2,196.14
383,Margot,Weine,mweineam@ocn.ne.jp,mweineam,8,142.95
384,Birk,Christofor,bchristoforan@devhub.com,bchristoforan,7,117.66
385,Devan,Baylis,dbaylisao@cloudflare.com,dbaylisao,5,170.22
386,Jeanie,Fotitt,jfotittap@sourceforge.net,jfotittap,7,186.86
387,Wilona,Craigheid,wcraigheidaq@mac.com,wcraigheidaq,7,73.95
388,Conny,Napleton,cnapletonar@globo.com,cnapletonar,7,161.95
389,Elyn,Rushford,erushfordas@miitbeian.gov.cn,erushfordas,7,199.13
390,Ludovika,Lemon,llemonat@npr.org,llemonat,7,28.4
391,Lona,McGiffin,lmcgiffinau@vkontakte.ru,lmcgiffinau,3,59.01
392,Grethel,Skate,gskateav@tamu.edu,gskateav,3,191.95
393,Alic,Hargraves,ahargravesaw@jimdo.com,ahargravesaw,5,123.91
394,Perle,Snashall,psnashallax@wufoo.com,psnashallax,1,96.31
395,Vassily,Bullan,vbullanay@prnewswire.com,vbullanay,7,43.96
396,Gilbert,McOrkill,gmcorkillaz@abc.net.au,gmcorkillaz,3,174.53
397,Berget,Cawthorne,bcawthorneb0@gov.uk,bcawthorneb0,7,130.91
398,Livvy,Drees,ldreesb1@rakuten.co.jp,ldreesb1,6,9.83
399,Caitrin,Woodall,cwoodallb2@webs.com,cwoodallb2,3,8.85
400,Tandie,Rann,trannb3@posterous.com,trannb3,2,76.68
401,Leontyne,Nardi,lnardib4@pinterest.com,lnardib4,5,115.27
402,Yardley,Barensky,ybarenskyb5@163.com,ybarenskyb5,9,161.87
403,Rosco,Bentzen,rbentzenb6@netlog.com,rbentzenb6,8,81.97
404,Waring,Bandt,wbandtb7@bizjournals.com,wbandtb7,4,129.67
405,Wallache,Fellis,wfellisb8@seattletimes.com,wfellisb8,10,31.88
406,Joey,Bilson,jbilsonb9@gmpg.org,jbilsonb9,4,151.95
407,Jerald,Shoebottom,jshoebottomba@amazonaws.com,jshoebottomba,6,61.84
408,Erny,Minshaw,eminshawbb@addtoany.com,eminshawbb,4,94.17
409,Thaddus,McCullock,tmccullockbc@fda.gov,tmccullockbc,2,129.69
410,Miof mela,Keston,mkestonbd@homestead.com,mkestonbd,3,90.59
411,Forester,Lillecrop,flillecropbe@goodreads.com,flillecropbe,2,148.27
412,Lon,Tasker,ltaskerbf@cornell.edu,ltaskerbf,7,24.07
413,Scott,McAndie,smcandiebg@toplist.cz,smcandiebg,4,186.51
414,Jaquith,Lampaert,jlampaertbh@usa.gov,jlampaertbh,4,112.92
415,Nigel,Melin,nmelinbi@examiner.com,nmelinbi,5,32.04
416,Hattie,Ferrettini,hferrettinibj@blogs.com,hferrettinibj,7,194.07
417,Gipsy,D'Ambrogi,gdambrogibk@google.com,gdambrogibk,4,18.73
418,Concordia,Gye,cgyebl@msu.edu,cgyebl,2,79.18
419,Shanon,Richardes,srichardesbm@simplemachines.org,srichardesbm,6,8.62
420,Humfrey,Barczewski,hbarczewskibn@ft.com,hbarczewskibn,8,117.9
421,Roberta,Ragsdale,rragsdalebo@blog.com,rragsdalebo,8,32.37
422,Jonah,Dubble,jdubblebp@cnbc.com,jdubblebp,6,45.19
423,Garth,Vickers,gvickersbq@prnewswire.com,gvickersbq,8,178.86
424,Gussi,Jaspar,gjasparbr@ifeng.com,gjasparbr,8,117.6
425,Chrissie,Girdwood,cgirdwoodbs@a8.net,cgirdwoodbs,9,144.02
426,Georgeanne,Wedmore,gwedmorebt@nymag.com,gwedmorebt,5,128.19
427,Hanson,Gladeche,hgladechebu@e-recht24.de,hgladechebu,5,70.61
428,Shani,Bennell,sbennellbv@columbia.edu,sbennellbv,4,110.53
429,Kissiah,Oakton,koaktonbw@disqus.com,koaktonbw,1,4.57
430,Nerte,Burndred,nburndredbx@mozilla.org,nburndredbx,2,76.41
431,Jenelle,Mumberson,jmumbersonby@blogtalkradio.com,jmumbersonby,5,5.83
432,Alvan,Blatcher,ablatcherbz@npr.org,ablatcherbz,2,175.17
433,Oliver,Longwood,olongwoodc0@tamu.edu,olongwoodc0,7,180.02
434,Ab,Stemp,astempc1@g.co,astempc1,4,78.93
435,Aaron,Readings,areadingsc2@sphinn.com,areadingsc2,5,46.51
436,Astra,Lillicrap,alillicrapc3@google.ru,alillicrapc3,10,188.15
437,Donica,Strike,dstrikec4@is.gd,dstrikec4,6,110.13
438,Kyla,Calafate,kcalafatec5@fotki.com,kcalafatec5,8,146.04
439,Zachery,Buffham,zbuffhamc6@etsy.com,zbuffhamc6,9,131.51
440,Rahal,Rosario,rrosarioc7@utexas.edu,rrosarioc7,9,192.5
441,Rosene,Stockwell,rstockwellc8@samsung.com,rstockwellc8,2,91.2
442,Cordie,Ebden,cebdenc9@un.org,cebdenc9,8,144.65
443,Clerc,Gregoletti,cgregolettica@newsvine.com,cgregolettica,6,16.18
444,Alexandra,Cass,acasscb@gmpg.org,acasscb,2,117.49
445,Jehu,Bicheno,jbichenocc@china.com.cn,jbichenocc,7,70.47
446,Darelle,Tibbotts,dtibbottscd@google.com.hk,dtibbottscd,8,164.44
447,Art,Dubock,adubockce@github.com,adubockce,2,118.88
448,Wyatt,Menichini,wmenichinicf@geocities.jp,wmenichinicf,1,69.16
449,Cynthy,Ryal,cryalcg@amazonaws.com,cryalcg,2,0.12
450,Nessi,Love,nlovech@e-recht24.de,nlovech,6,113.52
451,Jackqueline,Blight,jblightci@cbslocal.com,jblightci,9,93.99
452,Shani,Corkell,scorkellcj@virginia.edu,scorkellcj,8,111.52
453,Edythe,Heild,eheildck@purevolume.com,eheildck,1,157.38
454,Rosy,Jessup,rjessupcl@squarespace.com,rjessupcl,9,153.74
455,Manny,Claxson,mclaxsoncm@yale.edu,mclaxsoncm,3,6.16
456,Kariotta,Balderston,kbalderstoncn@pagesperso-orange.fr,kbalderstoncn,1,187.2
457,Fee,Matthaus,fmatthausco@latimes.com,fmatthausco,10,149.03
458,Elsi,Yakunin,eyakunincp@networkadvertising.org,eyakunincp,8,94.52
459,Huntley,Scyner,hscynercq@prnewswire.com,hscynercq,1,116.29
460,Bernette,Rollings,brollingscr@ezinearticles.com,brollingscr,1,20.54
461,Tonia,Pillinger,tpillingercs@symantec.com,tpillingercs,7,181.29
462,Alon,Lux,aluxct@army.mil,aluxct,4,79.49
463,Pren,Aizikovich,paizikovichcu@tamu.edu,paizikovichcu,6,178.64
464,Osborne,Goodbairn,ogoodbairncv@blogtalkradio.com,ogoodbairncv,6,191.77
465,Cory,Parratt,cparrattcw@unblog.fr,cparrattcw,4,120.02
466,Aggi,Campana,acampanacx@fotki.com,acampanacx,8,77.72
467,Ulric,Spandley,uspandleycy@google.com,uspandleycy,2,27.3
468,Latashia,O'Towey,lotoweycz@comsenz.com,lotoweycz,5,22.36
469,Stanleigh,Sharple,ssharpled0@businessinsider.com,ssharpled0,9,49.7
470,Kimmi,Ivanikov,kivanikovd1@harvard.edu,kivanikovd1,10,50.04
471,Mercy,Sandercock,msandercockd2@sitemeter.com,msandercockd2,1,46.37
472,Devan,Feaveryear,dfeaveryeard3@cocolog-nifty.com,dfeaveryeard3,1,162.17
473,Hermie,Turfrey,hturfreyd4@umich.edu,hturfreyd4,3,33.98
474,Kerwinn,Gerardet,kgerardetd5@upenn.edu,kgerardetd5,8,29.75
475,Traver,Goodred,tgoodredd6@nyu.edu,tgoodredd6,2,47.17
476,Lock,Ellwell,lellwelld7@google.ru,lellwelld7,10,49.71
477,Howard,Grady,hgradyd8@dot.gov,hgradyd8,10,28.02
478,Lek,Caistor,lcaistord9@domainmarket.com,lcaistord9,7,124.07
479,Hinda,Wapplington,hwapplingtonda@cyberchimps.com,hwapplingtonda,9,119.15
480,Ingrim,Cajkler,icajklerdb@biglobe.ne.jp,icajklerdb,6,114.02
481,Donny,Deaves,ddeavesdc@example.com,ddeavesdc,8,154.39
482,Mufinella,Cousans,mcousansdd@zimbio.com,mcousansdd,5,39.99
483,Timmie,Knappen,tknappende@umich.edu,tknappende,9,137.49
484,Olia,Blaxill,oblaxilldf@wufoo.com,oblaxilldf,6,89.1
485,Katerine,Isham,kishamdg@washington.edu,kishamdg,9,32.62
486,Gradey,Molyneux,gmolyneuxdh@feedburner.com,gmolyneuxdh,1,85.64
487,Nerty,MacGow,nmacgowdi@mail.ru,nmacgowdi,1,72.29
488,Bethany,Skelton,bskeltondj@dyndns.org,bskeltondj,1,22.21
489,Lek,Firmin,lfirmindk@soup.io,lfirmindk,5,147.52
490,Caria,Trippitt,ctrippittdl@odnoklassniki.ru,ctrippittdl,6,104.93
491,Agace,Moxted,amoxteddm@netvibes.com,amoxteddm,1,188.63
492,Thebault,Wackett,twackettdn@princeton.edu,twackettdn,9,13.25
493,Colly,Shillabeare,cshillabearedo@blog.com,cshillabearedo,5,103.02
494,Britney,Ruggs,bruggsdp@alibaba.com,bruggsdp,2,196.03
495,Hobey,Bartlett,hbartlettdq@devhub.com,hbartlettdq,6,117.25
496,Mordy,Beaushaw,mbeaushawdr@live.com,mbeaushawdr,1,175.77
497,Kiah,Norridge,knorridgeds@artisteer.com,knorridgeds,9,75.23
498,Moina,Lidden,mliddendt@yandex.ru,mliddendt,1,65.25
499,Theodosia,Ruste,trustedu@hatena.ne.jp,trustedu,1,137.09
500,Twila,Epp,teppdv@biblegateway.com,teppdv,2,120.87
501,Arvin,Keld,akelddw@parallels.com,akelddw,10,126.69
502,Nils,McKall,nmckalldx@japanpost.jp,nmckalldx,8,75.92
503,Liza,Gummer,lgummerdy@aol.com,lgummerdy,10,190.49
504,Si,Bunford,sbunforddz@pinterest.com,sbunforddz,10,102.18
505,Loria,Brader,lbradere0@nih.gov,lbradere0,1,110.23
506,Larine,Shitliff,lshitliffe1@businessinsider.com,lshitliffe1,8,197.57
507,Shelden,Riccardini,sriccardinie2@friendfeed.com,sriccardinie2,9,39.63
508,Bradan,Michel,bmichele3@illinois.edu,bmichele3,7,170.89
509,Hortense,Witherington,hwitheringtone4@yale.edu,hwitheringtone4,5,142.07
510,Jocelyne,Pitcaithley,jpitcaithleye5@unblog.fr,jpitcaithleye5,4,63.63
511,Arlinda,Mozzetti,amozzettie6@eepurl.com,amozzettie6,7,47.32
512,Nealon,Ireson,niresone7@microsoft.com,niresone7,9,57.51
513,Herb,Inglefield,hinglefielde8@miibeian.gov.cn,hinglefielde8,3,103.5
514,Emelita,Verdie,everdiee9@pinterest.com,everdiee9,10,19.01
515,Trumaine,McKue,tmckueea@indiegogo.com,tmckueea,5,69.71
516,Cliff,MacScherie,cmacscherieeb@alibaba.com,cmacscherieeb,9,15.95
517,Gretal,St. Louis,gstlouisec@admin.ch,gstlouisec,3,32.15
518,Elden,Swede,eswedeed@hugedomains.com,eswedeed,2,95.8
519,Noelle,Sambiedge,nsambiedgeee@addtoany.com,nsambiedgeee,8,31.79
520,Angy,Bernardoux,abernardouxef@eepurl.com,abernardouxef,10,139.72
521,Nertie,Qualtrough,nqualtrougheg@google.com.hk,nqualtrougheg,10,175.13
522,Orin,Isacoff,oisacoffeh@mtv.com,oisacoffeh,7,188.13
523,Case,Donhardt,cdonhardtei@accuweather.com,cdonhardtei,1,146.2
524,Kippar,Asson,kassonej@mtv.com,kassonej,6,30.57
525,Emelia,Barefoot,ebarefootek@altervista.org,ebarefootek,1,51.83
526,Jeannine,Fitzackerley,jfitzackerleyel@bizjournals.com,jfitzackerleyel,2,42.12
527,Barbara,Redholes,bredholesem@alibaba.com,bredholesem,8,160.25
528,Elvyn,Welbourn,ewelbournen@sohu.com,ewelbournen,7,22.35
529,Astrix,Aleevy,aaleevyeo@vistaprint.com,aaleevyeo,2,179.3
530,Cassandry,Jacop,cjacopep@ustream.tv,cjacopep,8,188.45
531,Giraud,MacConnell,gmacconnelleq@bizjournals.com,gmacconnelleq,7,6.6
532,Gino,Foxall,gfoxaller@arstechnica.com,gfoxaller,1,137.61
533,Thadeus,Cowdrey,tcowdreyes@xing.com,tcowdreyes,3,160.48
534,Ronnica,Ganley,rganleyet@uiuc.edu,rganleyet,8,26.89
535,Melisa,Charlwood,mcharlwoodeu@java.com,mcharlwoodeu,10,190.7
536,Harley,Wherrett,hwherrettev@omniture.com,hwherrettev,7,96.28
537,Charissa,Snelgrove,csnelgroveew@springer.com,csnelgroveew,8,55.37
538,Nickolas,Anchor,nanchorex@reuters.com,nanchorex,9,42.91
539,Woodman,Stebbins,wstebbinsey@creativecommons.org,wstebbinsey,3,47.7
540,Zaneta,Bagshaw,zbagshawez@unc.edu,zbagshawez,2,40.27
541,Hiram,Garforth,hgarforthf0@shutterfly.com,hgarforthf0,8,154.98
542,Lavinia,Haggarty,lhaggartyf1@thetimes.co.uk,lhaggartyf1,8,7.89
543,Adey,Vittet,avittetf2@youtube.com,avittetf2,7,155.17
544,Gay,Angelo,gangelof3@nifty.com,gangelof3,10,2.63
545,Loralyn,Collum,lcollumf4@parallels.com,lcollumf4,8,17.94
546,Gretel,Gillson,ggillsonf5@pen.io,ggillsonf5,3,129.49
547,Manon,Buckham,mbuckhamf6@nps.gov,mbuckhamf6,10,143.55
548,Bobbee,Brindley,bbrindleyf7@disqus.com,bbrindleyf7,1,5.79
549,Gasparo,Kupke,gkupkef8@squidoo.com,gkupkef8,10,154.34
550,Joly,Szwandt,jszwandtf9@mediafire.com,jszwandtf9,1,47.47
551,Penelopa,Hardeman,phardemanfa@g.co,phardemanfa,7,8.74
552,Chiquia,MacElroy,cmacelroyfb@msn.com,cmacelroyfb,2,34.03
553,Park,Radbond,pradbondfc@free.fr,pradbondfc,3,155.15
554,Rosemary,Petruska,rpetruskafd@pagesperso-orange.fr,rpetruskafd,10,114.04
555,Louie,Bourthoumieux,lbourthoumieuxfe@about.com,lbourthoumieuxfe,1,21.11
556,Rudolf,Plastow,rplastowff@eventbrite.com,rplastowff,6,113.18
557,Griswold,Goaley,ggoaleyfg@webs.com,ggoaleyfg,6,134.02
558,Ashley,Greschke,agreschkefh@soup.io,agreschkefh,6,34.77
559,Marinna,Castro,mcastrofi@artisteer.com,mcastrofi,5,15.33
560,Tandy,Port,tportfj@dion.ne.jp,tportfj,3,114.27
561,Marcelo,Goulthorp,mgoulthorpfk@jiathis.com,mgoulthorpfk,1,171.46
562,Tanney,Targe,ttargefl@rambler.ru,ttargefl,8,144.56
563,Judith,Oxenham,joxenhamfm@discovery.com,joxenhamfm,3,165.56
564,Kori,Pinilla,kpinillafn@answers.com,kpinillafn,9,125.44
565,Lillis,Janousek,ljanousekfo@google.com.au,ljanousekfo,6,147.97
566,Emalia,Yarker,eyarkerfp@trellian.com,eyarkerfp,2,87.43
567,Winfield,Lismore,wlismorefq@globo.com,wlismorefq,5,186.64
568,Xena,McGinney,xmcginneyfr@examiner.com,xmcginneyfr,3,138.58
569,Curr,Flewitt,cflewittfs@noaa.gov,cflewittfs,4,35.87
570,Marsh,Yendle,myendleft@bbc.co.uk,myendleft,4,103.92
571,Corey,Macveigh,cmacveighfu@bandcamp.com,cmacveighfu,9,49.4
572,Dalston,O'Kuddyhy,dokuddyhyfv@themeforest.net,dokuddyhyfv,10,184.94
573,Eleanore,Chittey,echitteyfw@google.nl,echitteyfw,3,34.04
574,Byrle,Millery,bmilleryfx@newsvine.com,bmilleryfx,5,67.27
575,Patience,Temple,ptemplefy@mapy.cz,ptemplefy,3,53.3
576,Rudy,Cranidge,rcranidgefz@people.com.cn,rcranidgefz,1,160.84
577,Trude,Regardsoe,tregardsoeg0@state.tx.us,tregardsoeg0,2,175.16
578,Ansell,Newman,anewmang1@51.la,anewmang1,9,132.26
579,Domenic,Isakov,disakovg2@boston.com,disakovg2,1,97.01
580,Sanders,Attersoll,sattersollg3@msn.com,sattersollg3,8,85.03
581,Averill,Stoaks,astoaksg4@forbes.com,astoaksg4,6,39.44
582,Dunc,Sayre,dsayreg5@so-net.ne.jp,dsayreg5,1,163.41
583,Garwin,Slocomb,gslocombg6@pbs.org,gslocombg6,1,26.31
584,Michaeline,Clench,mclenchg7@dell.com,mclenchg7,8,32.66
585,Thorstein,Bunner,tbunnerg8@ucoz.com,tbunnerg8,1,195.06
586,Doll,Brisseau,dbrisseaug9@army.mil,dbrisseaug9,6,74.93
587,Annalise,Tummons,atummonsga@google.com.br,atummonsga,5,113.13
588,Berti,Allsepp,ballseppgb@nationalgeographic.com,ballseppgb,10,160.76
589,Lammond,McNea,lmcneagc@networksolutions.com,lmcneagc,7,107.82
590,Ches,Dafydd,cdafyddgd@domainmarket.com,cdafyddgd,5,170.46
591,Gardiner,Currier,gcurrierge@behance.net,gcurrierge,2,84.61
592,Kinna,Josland,kjoslandgf@techcrunch.com,kjoslandgf,3,86.23
593,Neils,Odlin,nodlingg@baidu.com,nodlingg,7,7.77
594,Tommy,Seefeldt,tseefeldtgh@gizmodo.com,tseefeldtgh,9,179.62
595,Kingston,Peacher,kpeachergi@github.io,kpeachergi,1,191.02
596,Lizbeth,Thoday,lthodaygj@google.com.br,lthodaygj,8,40.48
597,Shamus,Kilvington,skilvingtongk@wikipedia.org,skilvingtongk,2,177.22
598,Bonnie,Duffitt,bduffittgl@utexas.edu,bduffittgl,5,139.77
599,Ryann,Lyvon,rlyvongm@wired.com,rlyvongm,6,22.43
600,Golda,Plet,gpletgn@flavors.me,gpletgn,4,146.58
601,Molli,Elsy,melsygo@wix.com,melsygo,5,39.66
602,Christophe,Kestle,ckestlegp@themeforest.net,ckestlegp,8,64.19
603,Debbie,McMillian,dmcmilliangq@hostgator.com,dmcmilliangq,8,43.72
604,Ricky,Avon,ravongr@intel.com,ravongr,6,119.9
605,Dell,Crutchley,dcrutchleygs@marketwatch.com,dcrutchleygs,9,189.51
606,Rose,Lyttle,rlyttlegt@blog.com,rlyttlegt,7,196.59
607,Nicholas,Livermore,nlivermoregu@yellowbook.com,nlivermoregu,3,2.68
608,Prentice,Malby,pmalbygv@meetup.com,pmalbygv,9,165.35
609,Emlynn,Gerber,egerbergw@seattletimes.com,egerbergw,5,81.2
610,Kissiah,Hannabus,khannabusgx@google.ru,khannabusgx,5,119.87
611,Trefor,Dow,tdowgy@engadget.com,tdowgy,9,185.11
612,Herve,Audas,haudasgz@hp.com,haudasgz,7,71.66
613,Tadeas,New,tnewh0@home.pl,tnewh0,7,117.5
614,Cam,Geffe,cgeffeh1@godaddy.com,cgeffeh1,10,28.26
615,Chiquita,Chicco,cchiccoh2@dailymail.co.uk,cchiccoh2,5,196.6
616,Manda,Marcinkus,mmarcinkush3@nifty.com,mmarcinkush3,1,36.46
617,Craggie,Glasscoe,cglasscoeh4@ning.com,cglasscoeh4,3,186.88
618,Jedediah,Domonkos,jdomonkosh5@devhub.com,jdomonkosh5,9,192.27
619,Read,Robe,rrobeh6@umich.edu,rrobeh6,3,151.24
620,Abie,Mugleston,amuglestonh7@goo.ne.jp,amuglestonh7,4,55.67
621,Iggie,Grunnill,igrunnillh8@comcast.net,igrunnillh8,3,170.7
622,Hermy,Braim,hbraimh9@wikispaces.com,hbraimh9,2,188.62
623,Wallace,Bachshell,wbachshellha@unc.edu,wbachshellha,3,175.23
624,Pryce,Markus,pmarkushb@cmu.edu,pmarkushb,9,1.44
625,Lola,Allain,lallainhc@cargocollective.com,lallainhc,6,47.52
626,Donalt,Keig,dkeighd@lulu.com,dkeighd,9,177.82
627,Juana,Haney,jhaneyhe@reference.com,jhaneyhe,3,2.03
628,Vern,MacIlhagga,vmacilhaggahf@barnesandnoble.com,vmacilhaggahf,10,122.13
629,Rosette,Ducker,rduckerhg@weebly.com,rduckerhg,6,10.15
630,Valerie,Dillway,vdillwayhh@shareasale.com,vdillwayhh,5,147.18
631,Hort,Stenners,hstennershi@pagesperso-orange.fr,hstennershi,5,126.33
632,Randee,Grayland,rgraylandhj@ted.com,rgraylandhj,3,156.17
633,Sissy,Hardie,shardiehk@g.co,shardiehk,3,31.07
634,Nerta,Nel,nnelhl@scribd.com,nnelhl,1,96.45
635,Carmela,Berfoot,cberfoothm@amazon.de,cberfoothm,6,57.18
636,Dione,Tasseler,dtasselerhn@unicef.org,dtasselerhn,8,189.12
637,Bernardine,Shedden,bsheddenho@rediff.com,bsheddenho,10,135.15
638,Danya,O'Hartnett,dohartnetthp@lulu.com,dohartnetthp,1,47.82
639,Shadow,Daw,sdawhq@topsy.com,sdawhq,10,164.71
640,Anet,Spraberry,aspraberryhr@buzzfeed.com,aspraberryhr,9,114.84
641,Norbert,Paik,npaikhs@bing.com,npaikhs,6,162.64
642,Natale,Petschel,npetschelht@ucla.edu,npetschelht,1,77.56
643,Hastie,Castanyer,hcastanyerhu@shop-pro.jp,hcastanyerhu,3,84.53
644,Valeria,Foulstone,vfoulstonehv@oaic.gov.au,vfoulstonehv,1,19.62
645,Massimiliano,Brownill,mbrownillhw@squarespace.com,mbrownillhw,4,7.59
646,Bernardine,Sperwell,bsperwellhx@loc.gov,bsperwellhx,2,97.63
647,Jeannine,Shawyers,jshawyershy@unicef.org,jshawyershy,7,51.91
648,Omero,Botler,obotlerhz@cafepress.com,obotlerhz,6,142.42
649,Franny,Zannelli,fzannellii0@tamu.edu,fzannellii0,9,103.76
650,Daniela,Bevar,dbevari1@wufoo.com,dbevari1,3,17.92
651,Coleen,Karppi,ckarppii2@google.com.au,ckarppii2,7,194.41
652,Karyl,Steedman,ksteedmani3@dedecms.com,ksteedmani3,7,54.0
653,Theobald,Toten,ttoteni4@zdnet.com,ttoteni4,3,92.86
654,Xaviera,Flucker,xfluckeri5@skype.com,xfluckeri5,3,148.74
655,Hermy,Basset,hbasseti6@reddit.com,hbasseti6,1,56.49
656,Andi,Trayford,atrayfordi7@rakuten.co.jp,atrayfordi7,9,144.55
657,Liz,Colt,lcolti8@twitpic.com,lcolti8,4,135.25
658,Vitia,Stoop,vstoopi9@blogs.com,vstoopi9,1,30.38
659,Katleen,Paulich,kpaulichia@reuters.com,kpaulichia,7,35.1
660,Ingra,Klausewitz,iklausewitzib@geocities.com,iklausewitzib,1,152.73
661,Evvie,Lotze,elotzeic@lycos.com,elotzeic,9,122.32
662,Alisha,Bleyman,ableymanid@icio.us,ableymanid,1,159.58
663,Daune,Foxwell,dfoxwellie@4shared.com,dfoxwellie,4,40.27
664,Dot,Hessenthaler,dhessenthalerif@php.net,dhessenthalerif,3,125.14
665,Kassie,Liepmann,kliepmannig@yandex.ru,kliepmannig,2,120.37
666,Derick,Hiseman,dhisemanih@cloudflare.com,dhisemanih,10,57.55
667,Rice,Paschke,rpaschkeii@tripod.com,rpaschkeii,9,157.51
668,Nappy,Cornelis,ncornelisij@deviantart.com,ncornelisij,6,114.22
669,Tobe,Bendik,tbendikik@dedecms.com,tbendikik,7,122.44
670,Morton,Brimfield,mbrimfieldil@wordpress.com,mbrimfieldil,8,170.35
671,Lesley,Metheringham,lmetheringhamim@indiegogo.com,lmetheringhamim,6,199.33
672,Trey,Livoir,tlivoirin@e-recht24.de,tlivoirin,7,38.12
673,Inigo,Pickerell,ipickerellio@lycos.com,ipickerellio,3,26.26
674,Alard,Fewell,afewellip@yelp.com,afewellip,9,14.79
675,Matelda,Brachell,mbrachelliq@techcrunch.com,mbrachelliq,3,135.84
676,Ax,Cotilard,acotilardir@cocolog-nifty.com,acotilardir,6,57.23
677,Tierney,Windrum,twindrumis@archive.org,twindrumis,7,150.69
678,Jammie,Grundle,jgrundleit@blogs.com,jgrundleit,4,173.99
679,Betsy,Sutcliffe,bsutcliffeiu@google.de,bsutcliffeiu,5,99.12
680,Morton,Bonhan,mbonhaniv@unblog.fr,mbonhaniv,6,53.3
681,Moss,Mobius,mmobiusiw@mediafire.com,mmobiusiw,10,104.84
682,Ax,Minihan,aminihanix@yellowpages.com,aminihanix,1,80.05
683,Tadd,Harm,tharmiy@sogou.com,tharmiy,5,79.17
684,Mercedes,Simoneton,msimonetoniz@tmall.com,msimonetoniz,10,127.2
685,Xavier,Ramiro,xramiroj0@apple.com,xramiroj0,6,19.38
686,Flo,Snozzwell,fsnozzwellj1@edublogs.org,fsnozzwellj1,5,135.62
687,Neddy,Speechly,nspeechlyj2@odnoklassniki.ru,nspeechlyj2,2,144.9
688,Geoff,Noel,gnoelj3@blog.com,gnoelj3,7,15.51
689,Reyna,Aggs,raggsj4@nydailynews.com,raggsj4,3,185.61
690,Kelci,Delia,kdeliaj5@sourceforge.net,kdeliaj5,5,160.21
691,Bern,Handling,bhandlingj6@nbcnews.com,bhandlingj6,5,14.12
692,Alfy,Calven,acalvenj7@about.me,acalvenj7,2,165.91
693,Francyne,Chazelas,fchazelasj8@chron.com,fchazelasj8,7,15.95
694,Maurits,Hendrickx,mhendrickxj9@washingtonpost.com,mhendrickxj9,9,82.49
695,Carl,Kennagh,ckennaghja@google.co.uk,ckennaghja,10,178.64
696,Shandie,Rubenczyk,srubenczykjb@psu.edu,srubenczykjb,9,149.99
697,Waldo,Morrallee,wmorralleejc@1688.com,wmorralleejc,6,35.09
698,Lanny,Tampling,ltamplingjd@facebook.com,ltamplingjd,6,109.85
699,Tammy,Elsie,telsieje@com.com,telsieje,5,49.67
700,Annalise,Tottman,atottmanjf@arizona.edu,atottmanjf,7,155.57
701,Nessa,Bengtson,nbengtsonjg@go.com,nbengtsonjg,3,99.19
702,Lucas,Blanning,lblanningjh@ucsd.edu,lblanningjh,7,197.0
703,Karrah,Wassell,kwassellji@hhs.gov,kwassellji,1,171.91
704,Harper,Fortnam,hfortnamjj@hexun.com,hfortnamjj,9,163.56
705,Parry,Soot,psootjk@blogtalkradio.com,psootjk,2,38.58
706,Coleman,Talby,ctalbyjl@barnesandnoble.com,ctalbyjl,8,174.62
707,Vinnie,Glancey,vglanceyjm@admin.ch,vglanceyjm,9,101.25
708,Babette,Mounce,bmouncejn@buzzfeed.com,bmouncejn,9,98.0
709,Say,Yansons,syansonsjo@scribd.com,syansonsjo,2,158.31
710,Clovis,Solesbury,csolesburyjp@xing.com,csolesburyjp,7,190.88
711,Nerti,Argent,nargentjq@sphinn.com,nargentjq,10,158.22
712,Hali,Hankin,hhankinjr@photobucket.com,hhankinjr,6,24.17
713,Mitzi,Spatig,mspatigjs@vistaprint.com,mspatigjs,4,11.27
714,Samantha,Kapiloff,skapiloffjt@simplemachines.org,skapiloffjt,4,159.09
715,Adey,Larcher,alarcherju@umn.edu,alarcherju,9,36.35
716,Lauralee,Grebert,lgrebertjv@whitehouse.gov,lgrebertjv,10,81.47
717,Mame,Moresby,mmoresbyjw@webeden.co.uk,mmoresbyjw,10,114.8
718,Pepillo,Paoli,ppaolijx@devhub.com,ppaolijx,4,64.42
719,Isiahi,Wood,iwoodjy@bigcartel.com,iwoodjy,7,65.9
720,Erhard,Le Batteur,elebatteurjz@posterous.com,elebatteurjz,7,20.75
721,Jacquelynn,Laurenzi,jlaurenzik0@flickr.com,jlaurenzik0,9,198.45
722,Amerigo,Ca,acak1@shareasale.com,acak1,5,10.4
723,Robers,Alessandrini,ralessandrinik2@census.gov,ralessandrinik2,7,112.24
724,Ethel,Lorincz,elorinczk3@slideshare.net,elorinczk3,10,145.02
725,Michail,Pinor,mpinork4@imageshack.us,mpinork4,6,170.06
726,Wolf,Croce,wcrocek5@youku.com,wcrocek5,10,165.74
727,Katrinka,Anstee,kansteek6@geocities.jp,kansteek6,2,159.96
728,Doloritas,Nertney,dnertneyk7@reference.com,dnertneyk7,3,12.75
729,Valaree,Albon,valbonk8@abc.net.au,valbonk8,1,11.23
730,Bale,Cottis,bcottisk9@howstuffworks.com,bcottisk9,8,119.61
731,Lorne,Corradeschi,lcorradeschika@eepurl.com,lcorradeschika,3,37.74
732,Janela,Vidler,jvidlerkb@vkontakte.ru,jvidlerkb,3,150.64
733,Franklin,Castanos,fcastanoskc@nps.gov,fcastanoskc,6,42.45
734,Cary,McFall,cmcfallkd@discovery.com,cmcfallkd,3,100.04
735,Othella,Gather,ogatherke@wix.com,ogatherke,7,126.79
736,Ermin,Tevlin,etevlinkf@cocolog-nifty.com,etevlinkf,8,144.18
737,Janessa,Linham,jlinhamkg@cdc.gov,jlinhamkg,3,148.21
738,Eden,Cozzi,ecozzikh@topsy.com,ecozzikh,10,176.08
739,Bianka,Deroche,bderocheki@disqus.com,bderocheki,5,146.01
740,Hedvige,Broz,hbrozkj@youtu.be,hbrozkj,1,29.53
741,Adolphus,Loosley,aloosleykk@washington.edu,aloosleykk,10,28.13
742,Appolonia,Krolak,akrolakkl@blogs.com,akrolakkl,7,183.6
743,Briny,Bridgett,bbridgettkm@cornell.edu,bbridgettkm,10,89.01
744,Wiley,Lugard,wlugardkn@hatena.ne.jp,wlugardkn,7,38.24
745,Ealasaid,Espadate,eespadateko@census.gov,eespadateko,7,61.37
746,Tirrell,Llewhellin,tllewhellinkp@sbwire.com,tllewhellinkp,9,82.72
747,Tully,Leopard,tleopardkq@wp.com,tleopardkq,10,47.28
748,Augustine,Alesi,aalesikr@oracle.com,aalesikr,8,113.66
749,Alfie,Beurich,abeurichks@businessweek.com,abeurichks,8,7.12
750,Meghann,Lygo,mlygokt@aboutads.info,mlygokt,3,26.12
751,Kelley,Spalding,kspaldingku@networksolutions.com,kspaldingku,8,197.28
752,Zechariah,Sainte Paul,zsaintepaulkv@linkedin.com,zsaintepaulkv,3,176.03
753,Kat,Vittel,kvittelkw@blogs.com,kvittelkw,4,85.41
754,Marion,Slocum,mslocumkx@arizona.edu,mslocumkx,7,19.1
755,Tera,Seagrave,tseagraveky@goodreads.com,tseagraveky,7,72.95
756,Kamilah,Murrow,kmurrowkz@free.fr,kmurrowkz,8,26.35
757,Madelon,Shemming,mshemmingl0@friendfeed.com,mshemmingl0,8,164.02
758,Weylin,Birden,wbirdenl1@sina.com.cn,wbirdenl1,7,130.12
759,Nikki,Gerkens,ngerkensl2@plala.or.jp,ngerkensl2,4,28.82
760,Rosabella,Stritton,rstrittonl3@clickbank.net,rstrittonl3,9,143.35
761,Scotty,Balch,sbalchl4@clickbank.net,sbalchl4,5,173.01
762,Hube,Tweed,htweedl5@blogger.com,htweedl5,5,11.3
763,Clemmy,Keough,ckeoughl6@usa.gov,ckeoughl6,5,174.96
764,Dodie,Janicek,djanicekl7@ca.gov,djanicekl7,6,4.78
765,Garwin,Pochin,gpochinl8@shop-pro.jp,gpochinl8,4,80.46
766,Fredericka,Chalfant,fchalfantl9@ebay.com,fchalfantl9,9,185.34
767,Emeline,Faughey,efaugheyla@qq.com,efaugheyla,4,44.4
768,Sallee,Dobrowlski,sdobrowlskilb@alexa.com,sdobrowlskilb,4,71.5
769,Hank,Brightling,hbrightlinglc@linkedin.com,hbrightlinglc,8,143.79
770,Patty,Standbridge,pstandbridgeld@google.pl,pstandbridgeld,7,124.75
771,Kent,Stuke,kstukele@cocolog-nifty.com,kstukele,2,4.59
772,Kissiah,Poland,kpolandlf@lulu.com,kpolandlf,7,128.86
773,Wilhelm,Tommasetti,wtommasettilg@nbcnews.com,wtommasettilg,7,198.58
774,Coleman,Garlett,cgarlettlh@feedburner.com,cgarlettlh,6,113.39
775,Hewie,Duiguid,hduiguidli@mysql.com,hduiguidli,8,40.57
776,Kori,Liddy,kliddylj@edublogs.org,kliddylj,5,28.57
777,Isiahi,Daviddi,idaviddilk@smh.com.au,idaviddilk,3,47.24
778,Janot,Lebond,jlebondll@skype.com,jlebondll,10,136.79
779,Con,Cockcroft,ccockcroftlm@skyrock.com,ccockcroftlm,4,36.69
780,Ase,Flory,afloryln@list-manage.com,afloryln,5,162.03
781,Joycelin,Jeandet,jjeandetlo@hugedomains.com,jjeandetlo,2,169.03
782,Cletus,Giovanetti,cgiovanettilp@friendfeed.com,cgiovanettilp,4,81.24
783,Silvester,McLevie,smclevielq@friendfeed.com,smclevielq,5,58.07
784,Nedi,Sail,nsaillr@diigo.com,nsaillr,2,59.64
785,Louis,Stelle,lstellels@digg.com,lstellels,8,183.34
786,Delainey,Willsmore,dwillsmorelt@hostgator.com,dwillsmorelt,7,72.67
787,Barbie,Denziloe,bdenziloelu@tmall.com,bdenziloelu,4,161.61
788,Worth,Tomei,wtomeilv@ucoz.ru,wtomeilv,4,180.99
789,Hillyer,McBeath,hmcbeathlw@chronoengine.com,hmcbeathlw,4,42.85
790,Mathew,Kleyn,mkleynlx@shutterfly.com,mkleynlx,5,101.87
791,Rafael,Borgnol,rborgnolly@facebook.com,rborgnolly,3,193.1
792,Kandy,Bosward,kboswardlz@friendfeed.com,kboswardlz,4,106.47
793,Margy,Goodayle,mgoodaylem0@apple.com,mgoodaylem0,3,44.35
794,Maurizio,Kamiyama,mkamiyamam1@youtu.be,mkamiyamam1,4,13.93
795,Britt,Ludl,bludlm2@examiner.com,bludlm2,8,44.75
796,Dev,McFarlane,dmcfarlanem3@google.com.hk,dmcfarlanem3,5,165.5
797,Maison,Voyce,mvoycem4@1688.com,mvoycem4,10,163.04
798,Marline,Ratledge,mratledgem5@disqus.com,mratledgem5,9,64.09
799,Jackquelin,Stanistrete,jstanistretem6@arizona.edu,jstanistretem6,8,45.16
800,Dame,Loraine,dlorainem7@photobucket.com,dlorainem7,1,69.19
801,Thorin,Maddra,tmaddram8@oracle.com,tmaddram8,4,107.69
802,Gladys,Hagland,ghaglandm9@csmonitor.com,ghaglandm9,4,145.98
803,Moe,Woodthorpe,mwoodthorpema@taobao.com,mwoodthorpema,1,61.53
804,Nicolas,Chatenier,nchateniermb@unblog.fr,nchateniermb,4,188.57
805,Fallon,Izzatt,fizzattmc@hubpages.com,fizzattmc,5,108.46
806,Letty,Drohun,ldrohunmd@ibm.com,ldrohunmd,9,63.93
807,Meghan,Lismore,mlismoreme@dropbox.com,mlismoreme,4,23.54
808,Cord,Lipsett,clipsettmf@aboutads.info,clipsettmf,10,144.53
809,Mar,Matula,mmatulamg@washingtonpost.com,mmatulamg,7,134.92
810,Vivyanne,Stolworthy,vstolworthymh@fema.gov,vstolworthymh,4,181.17
811,Gerardo,Findlater,gfindlatermi@unicef.org,gfindlatermi,3,32.01
812,Neda,Birchner,nbirchnermj@123-reg.co.uk,nbirchnermj,5,44.85
813,Doralyn,Blundan,dblundanmk@behance.net,dblundanmk,7,9.69
814,Murial,Vedyaev,mvedyaevml@zdnet.com,mvedyaevml,4,35.91
815,Rozalin,Atterbury,ratterburymm@abc.net.au,ratterburymm,8,143.15
816,Jaquith,Rosenauer,jrosenauermn@github.io,jrosenauermn,2,153.12
817,Dacy,Late,dlatemo@twitter.com,dlatemo,3,32.96
818,Giuditta,Schultheiss,gschultheissmp@cloudflare.com,gschultheissmp,10,8.46
819,Baxy,Godbold,bgodboldmq@bloomberg.com,bgodboldmq,10,76.55
820,Merna,Berthelet,mbertheletmr@columbia.edu,mbertheletmr,1,170.82
821,Stevie,Blamire,sblamirems@bbb.org,sblamirems,6,113.99
822,Janean,Tither,jtithermt@slideshare.net,jtithermt,5,94.02
823,Pieter,Stanlack,pstanlackmu@businessinsider.com,pstanlackmu,6,49.61
824,Leora,Meron,lmeronmv@omniture.com,lmeronmv,1,193.68
825,Juliet,Balazs,jbalazsmw@creativecommons.org,jbalazsmw,8,198.59
826,Theodoric,Mosconi,tmosconimx@about.com,tmosconimx,8,44.72
827,Jacquetta,Midgley,jmidgleymy@miibeian.gov.cn,jmidgleymy,5,159.87
828,Arluene,Kernar,akernarmz@cbslocal.com,akernarmz,6,32.96
829,Broderic,Pfaffe,bpfaffen0@webnode.com,bpfaffen0,1,41.33
830,Mathe,Capstaff,mcapstaffn1@symantec.com,mcapstaffn1,1,194.89
831,Ryley,Drynan,rdrynann2@freewebs.com,rdrynann2,2,79.01
832,Lyn,Hutson,lhutsonn3@hao123.com,lhutsonn3,6,177.84
833,Baxie,Rumble,brumblen4@yale.edu,brumblen4,1,76.16
834,Kitty,Thistleton,kthistletonn5@aol.com,kthistletonn5,9,176.14
835,Kellyann,Kramer,kkramern6@wp.com,kkramern6,2,41.54
836,Chelsy,Shortcliffe,cshortcliffen7@purevolume.com,cshortcliffen7,2,130.03
837,Becky,Senechell,bsenechelln8@blogger.com,bsenechelln8,1,172.37
838,Isidore,Burchfield,iburchfieldn9@gravatar.com,iburchfieldn9,2,172.47
839,Marilyn,Soggee,msoggeena@google.es,msoggeena,7,169.64
840,Linet,Playle,lplaylenb@europa.eu,lplaylenb,8,130.48
841,Clare,Menghi,cmenghinc@comsenz.com,cmenghinc,4,79.31
842,Nap,Sneden,nsnedennd@google.nl,nsnedennd,3,13.51
843,Rollins,Norgate,rnorgatene@w3.org,rnorgatene,8,195.41
844,Kippy,Wigan,kwigannf@surveymonkey.com,kwigannf,1,101.86
845,Ellen,Newvell,enewvellng@hexun.com,enewvellng,9,125.95
846,Errick,Cordey,ecordeynh@techcrunch.com,ecordeynh,7,152.93
847,Hana,Habble,hhabbleni@princeton.edu,hhabbleni,9,82.87
848,Clerc,Beeching,cbeechingnj@cyberchimps.com,cbeechingnj,3,39.54
849,Lulita,Phippin,lphippinnk@pbs.org,lphippinnk,3,168.02
850,Bartlett,Melhuish,bmelhuishnl@altervista.org,bmelhuishnl,8,193.44
851,Rafa,Hugk,rhugknm@digg.com,rhugknm,7,102.3
852,Marcelline,Ludwikiewicz,mludwikiewicznn@hatena.ne.jp,mludwikiewicznn,1,163.55
853,Janessa,Strangman,jstrangmanno@github.com,jstrangmanno,8,104.27
854,Yves,Knevit,yknevitnp@bloglovin.com,yknevitnp,8,113.66
855,Fernande,Meatyard,fmeatyardnq@seesaa.net,fmeatyardnq,6,107.04
856,Tynan,Fairbairn,tfairbairnnr@umich.edu,tfairbairnnr,5,92.71
857,Rafael,Marke,rmarkens@barnesandnoble.com,rmarkens,2,63.31
858,Giuditta,Dyka,gdykant@reference.com,gdykant,9,16.67
859,Priscella,Terrelly,pterrellynu@go.com,pterrellynu,9,130.95
860,Keane,Deare,kdearenv@msu.edu,kdearenv,2,75.96
861,Dita,Upfold,dupfoldnw@aboutads.info,dupfoldnw,6,27.23
862,Nadiya,Hubball,nhubballnx@google.it,nhubballnx,5,65.9
863,Der,Thickett,dthickettny@tinyurl.com,dthickettny,8,186.57
864,Galven,Leftley,gleftleynz@yellowpages.com,gleftleynz,8,127.99
865,Cherilyn,Martinson,cmartinsono0@si.edu,cmartinsono0,5,128.02
866,Bobina,Risebarer,brisebarero1@infoseek.co.jp,brisebarero1,4,12.25
867,Enoch,Endacott,eendacotto2@edublogs.org,eendacotto2,5,98.31
868,Stafford,Assad,sassado3@slate.com,sassado3,5,68.92
869,John,Worton,jwortono4@etsy.com,jwortono4,5,69.03
870,Valaree,Voyce,vvoyceo5@github.io,vvoyceo5,8,93.4
871,Gard,Ledgard,gledgardo6@nationalgeographic.com,gledgardo6,4,68.05
872,Jeremiah,Phripp,jphrippo7@squidoo.com,jphrippo7,1,10.57
873,Liuka,Wankling,lwanklingo8@zimbio.com,lwanklingo8,2,59.44
874,Chloris,Bealing,cbealingo9@nsw.gov.au,cbealingo9,5,107.91
875,Andrey,Hanburry,ahanburryoa@pen.io,ahanburryoa,5,172.23
876,Cristobal,Tilbury,ctilburyob@themeforest.net,ctilburyob,10,171.79
877,Kin,Elintune,kelintuneoc@drupal.org,kelintuneoc,2,48.79
878,Jecho,Flannigan,jflanniganod@marriott.com,jflanniganod,2,123.17
879,Louie,Vost,lvostoe@twitter.com,lvostoe,3,40.09
880,Lucias,Bownes,lbownesof@oaic.gov.au,lbownesof,8,64.07
881,Jaime,Sinncock,jsinncockog@twitpic.com,jsinncockog,3,15.61
882,Abagael,Jiri,ajirioh@jugem.jp,ajirioh,10,14.94
883,Bethina,Richfield,brichfieldoi@cdc.gov,brichfieldoi,1,128.21
884,Clayborn,Ledram,cledramoj@webmd.com,cledramoj,8,134.64
885,Julia,Stilly,jstillyok@addtoany.com,jstillyok,1,7.67
886,Lethia,Fallis,lfallisol@parallels.com,lfallisol,10,78.92
887,Brigid,Barneveld,bbarneveldom@hao123.com,bbarneveldom,1,156.64
888,Malva,Harper,mharperon@psu.edu,mharperon,9,109.71
889,Opal,Kopmann,okopmannoo@ucla.edu,okopmannoo,6,22.13
890,Tory,Wharmby,twharmbyop@dyndns.org,twharmbyop,5,169.31
891,Sheff,Heardman,sheardmanoq@over-blog.com,sheardmanoq,10,95.16
892,Olga,Stanyforth,ostanyforthor@ifeng.com,ostanyforthor,4,141.47
893,Gus,Hinners,ghinnersos@tripadvisor.com,ghinnersos,3,107.0
894,Jud,Julian,jjulianot@fc2.com,jjulianot,10,10.73
895,Cathrin,Minchinton,cminchintonou@barnesandnoble.com,cminchintonou,10,176.96
896,Yolande,Randerson,yrandersonov@unesco.org,yrandersonov,4,28.74
897,Gannie,Cordeix,gcordeixow@mlb.com,gcordeixow,7,69.19
898,Devonna,Lebang,dlebangox@uiuc.edu,dlebangox,1,61.42
899,Junia,Tallboy,jtallboyoy@imgur.com,jtallboyoy,4,73.75
900,Krystle,Trodden,ktroddenoz@patch.com,ktroddenoz,6,81.83
901,Ephraim,Victor,evictorp0@yellowpages.com,evictorp0,6,37.58
902,Benjamin,Sandwich,bsandwichp1@huffingtonpost.com,bsandwichp1,3,115.37
903,Marianna,Golling,mgollingp2@deviantart.com,mgollingp2,8,11.03
904,Chan,Galbraith,cgalbraithp3@redcross.org,cgalbraithp3,2,143.1
905,Brooke,Ranyelld,branyelldp4@paypal.com,branyelldp4,4,79.37
906,Alf,Ismail,aismailp5@mayoclinic.com,aismailp5,5,26.66
907,Tilly,Ciciotti,tciciottip6@ucla.edu,tciciottip6,3,57.5
908,Sheela,De Antoni,sdeantonip7@wired.com,sdeantonip7,5,189.88
909,Derrik,Phillp,dphillpp8@moonfruit.com,dphillpp8,7,134.71
910,Elfrida,Nissle,enisslep9@github.com,enisslep9,3,91.02
911,Melosa,Riby,mribypa@cdc.gov,mribypa,6,3.51
912,Judye,Whibley,jwhibleypb@ehow.com,jwhibleypb,3,85.98
913,Viviyan,Nowlan,vnowlanpc@slashdot.org,vnowlanpc,5,129.25
914,Bennie,Durrans,bdurranspd@irs.gov,bdurranspd,6,80.16
915,Wolfy,Gowanlock,wgowanlockpe@shop-pro.jp,wgowanlockpe,2,167.87
916,Franzen,Godin,fgodinpf@sciencedaily.com,fgodinpf,10,10.57
917,Derby,Sainsberry,dsainsberrypg@elpais.com,dsainsberrypg,3,56.34
918,Pearla,Uttridge,puttridgeph@mit.edu,puttridgeph,7,131.67
919,Riccardo,Dewes,rdewespi@nasa.gov,rdewespi,6,103.01
920,Danyelle,Groucutt,dgroucuttpj@independent.co.uk,dgroucuttpj,4,97.86
921,Briano,Stillwell,bstillwellpk@ehow.com,bstillwellpk,2,158.1
922,Winnah,Swaysland,wswayslandpl@netscape.com,wswayslandpl,3,123.72
923,Karrie,Poleye,kpoleyepm@vkontakte.ru,kpoleyepm,4,122.95
924,Rosaline,Janota,rjanotapn@simplemachines.org,rjanotapn,5,8.75
925,Neil,Loxly,nloxlypo@ameblo.jp,nloxlypo,6,192.01
926,Neel,Hackworth,nhackworthpp@indiatimes.com,nhackworthpp,9,89.0
927,Jarrett,Woodnutt,jwoodnuttpq@indiatimes.com,jwoodnuttpq,9,80.11
928,Barth,Pales,bpalespr@time.com,bpalespr,10,118.33
929,Abbie,O'Quin,aoquinps@bigcartel.com,aoquinps,3,93.91
930,Hailee,Dominec,hdominecpt@phpbb.com,hdominecpt,10,92.73
931,Rhys,Tapner,rtapnerpu@ask.com,rtapnerpu,9,114.43
932,Peder,Larkins,plarkinspv@ehow.com,plarkinspv,7,190.88
933,Madelyn,Dunbabin,mdunbabinpw@yolasite.com,mdunbabinpw,2,71.62
934,Ted,Hunnywell,thunnywellpx@woothemes.com,thunnywellpx,4,77.11
935,Dorolice,Brunnen,dbrunnenpy@surveymonkey.com,dbrunnenpy,7,199.51
936,Mead,Robun,mrobunpz@boston.com,mrobunpz,4,99.49
937,Cammi,Duffett,cduffettq0@hc360.com,cduffettq0,10,40.3
938,Abdul,Trythall,atrythallq1@globo.com,atrythallq1,4,181.44
939,George,Clench,gclenchq2@posterous.com,gclenchq2,6,102.48
940,Tamiko,Kenyon,tkenyonq3@house.gov,tkenyonq3,1,30.44
941,Winne,Seater,wseaterq4@nasa.gov,wseaterq4,2,54.43
942,Janella,Hollerin,jhollerinq5@fastcompany.com,jhollerinq5,4,112.08
943,Charmion,Keasy,ckeasyq6@over-blog.com,ckeasyq6,2,97.37
944,Adams,Camble,acambleq7@eepurl.com,acambleq7,5,118.55
945,Vidovik,Egre,vegreq8@timesonline.co.uk,vegreq8,8,141.91
946,Eadith,Durgan,edurganq9@msn.com,edurganq9,8,16.27
947,Consuelo,Bottlestone,cbottlestoneqa@umn.edu,cbottlestoneqa,9,189.43
948,Birch,Frankland,bfranklandqb@pen.io,bfranklandqb,8,51.58
949,Ainslee,Thor,athorqc@yellowbook.com,athorqc,1,103.55
950,Kinny,Acome,kacomeqd@narod.ru,kacomeqd,8,6.99
951,Crosby,Coffey,ccoffeyqe@unicef.org,ccoffeyqe,7,97.5
952,Charo,Garforth,cgarforthqf@economist.com,cgarforthqf,3,139.77
953,Harwilll,Grzegorzewski,hgrzegorzewskiqg@blogs.com,hgrzegorzewskiqg,2,79.3
954,Kellie,Claus,kclausqh@geocities.jp,kclausqh,1,159.46
955,Denney,Paaso,dpaasoqi@imgur.com,dpaasoqi,9,27.38
956,Merrick,Filon,mfilonqj@ibm.com,mfilonqj,5,193.04
957,Fairlie,Pynn,fpynnqk@stanford.edu,fpynnqk,5,29.79
958,Heath,Hatch,hhatchql@irs.gov,hhatchql,1,157.17
959,Lin,Wardroper,lwardroperqm@desdev.cn,lwardroperqm,3,80.57
960,Allyce,Macguire,amacguireqn@census.gov,amacguireqn,8,127.69
961,Gris,Flieg,gfliegqo@about.com,gfliegqo,8,28.13
962,Evelyn,Dunbavin,edunbavinqp@umn.edu,edunbavinqp,6,126.53
963,Sean,Pilipyak,spilipyakqq@ezinearticles.com,spilipyakqq,2,57.66
964,Dominik,Jaycox,djaycoxqr@goodreads.com,djaycoxqr,5,72.13
965,Port,Wyon,pwyonqs@delicious.com,pwyonqs,9,161.96
966,Roby,Jewel,rjewelqt@google.it,rjewelqt,7,59.5
967,Fallon,Bouzan,fbouzanqu@bravesites.com,fbouzanqu,10,1.89
968,Phil,Winder,pwinderqv@t-online.de,pwinderqv,6,38.05
969,Lenore,Attride,lattrideqw@ihg.com,lattrideqw,9,2.33
970,Dierdre,Williment,dwillimentqx@engadget.com,dwillimentqx,9,109.91
971,Robbyn,Bound,rboundqy@sbwire.com,rboundqy,1,16.24
972,Virgil,Carlsen,vcarlsenqz@wiley.com,vcarlsenqz,6,192.13
973,Christos,Mumbray,cmumbrayr0@wix.com,cmumbrayr0,5,5.04
974,Mireielle,Tomik,mtomikr1@tripod.com,mtomikr1,6,73.51
975,Lauri,Stollmeyer,lstollmeyerr2@surveymonkey.com,lstollmeyerr2,10,27.0
976,Goddart,Minithorpe,gminithorper3@slashdot.org,gminithorper3,5,35.19
977,Cosette,Paffley,cpaffleyr4@wsj.com,cpaffleyr4,4,73.16
978,Gerry,Seamen,gseamenr5@sakura.ne.jp,gseamenr5,2,160.78
979,Zoe,Girault,zgiraultr6@ask.com,zgiraultr6,5,18.23
980,Jackson,Durning,jdurningr7@tamu.edu,jdurningr7,4,111.13
981,Laryssa,Bromage,lbromager8@reverbnation.com,lbromager8,2,119.22
982,Bengt,Ellcock,bellcockr9@princeton.edu,bellcockr9,4,164.08
983,Wendall,Steinor,wsteinorra@digg.com,wsteinorra,3,142.56
984,Kienan,Ryce,krycerb@google.ru,krycerb,8,177.93
985,Tye,O'Neary,tonearyrc@princeton.edu,tonearyrc,6,135.37
986,Doreen,Busek,dbusekrd@unc.edu,dbusekrd,8,26.52
987,Franny,Medendorp,fmedendorpre@deviantart.com,fmedendorpre,2,124.51
988,Lyda,Colliar,lcolliarrf@independent.co.uk,lcolliarrf,8,63.91
989,Jimmy,Reidie,jreidierg@huffingtonpost.com,jreidierg,3,72.29
990,Faythe,Smitherham,fsmitherhamrh@last.fm,fsmitherhamrh,9,15.76
991,Maggie,Shory,mshoryri@springer.com,mshoryri,10,137.66
992,Brandtr,Martelet,bmarteletrj@sakura.ne.jp,bmarteletrj,6,197.4
993,Constantin,Foskew,cfoskewrk@tamu.edu,cfoskewrk,8,80.32
994,Alan,Baldacchi,abaldacchirl@businesswire.com,abaldacchirl,6,135.23
995,Brockie,Ferretti,bferrettirm@engadget.com,bferrettirm,8,86.11
996,Nobe,MacDermand,nmacdermandrn@vk.com,nmacdermandrn,2,162.18
997,Margalit,Stalley,mstalleyro@cnbc.com,mstalleyro,6,134.29
998,Margette,Perez,mperezrp@pcworld.com,mperezrp,8,11.55
999,Bendick,Ebbrell,bebbrellrq@youtu.be,bebbrellrq,5,9.86
1000,Bobbee,Nealon,bnealonrr@techcrunch.com,bnealonrr,5,123.12
